{"cameraMode":{"drawMode":0,"name":"Shaded","section":"Shading Mode"},"sceneLighting":false,"audioPlay":false,"sceneViewState":{"showFog":true,"showMaterialUpdate":false,"showSkybox":false,"showFlares":true,"showImageEffects":true,"showParticleSystems":true},"in2DMode":false,"pivot":{"x":0.0,"y":0.7599999904632568,"z":0.7999999523162842},"rotation":{"x":0.3120792806148529,"y":0.009975353255867958,"z":-0.0032769450917840006,"w":0.9499980807304382},"size":2.8578836917877199,"orthographic":false}